{"is_source_file": false, "format": "", "description": "", "external_files": [], "external_methods": [], "published": [], "classes": [], "methods": [], "calls": [], "search-terms": [], "state": 2, "file_id": 1, "knowledge_revision": 7, "git_revision": "bef827bf20024aecd1cba8015e43c05ba3331915", "hash": "a8be33338fe8f58f7313768f7b930d0c", "format-version": 4, "code-base-name": "video_streaming_backend", "filename": "README.md", "revision_history": [{"7": "bef827bf20024aecd1cba8015e43c05ba3331915"}]}