{"is_source_file": true, "file_id": 4, "git_revision": "90e71cf2b9e20b307697d33f8ac6a51ead697f36", "state": 2, "description": "", "external_files": [], "external_methods": [], "published": [], "classes": [], "methods": [], "calls": [], "search-terms": [], "ctags": [], "hash": null, "format-version": 4, "code-base-name": "video_streaming_backend", "filename": "video_streaming_backend/src/api/__init__.py", "knowledge_revision": 6, "revision_history": [{"6": "90e71cf2b9e20b307697d33f8ac6a51ead697f36"}]}