{"is_source_file": true, "format": "Python", "description": "This file defines a FastAPI application setup with CORS middleware and a health check endpoint.", "external_files": ["fastapi", "fastapi.middleware.cors"], "external_methods": ["FastAPI", "CORSMiddleware"], "published": [], "classes": [], "methods": [{"name": "health_check()", "description": "A simple GET endpoint returning a health status message.", "scope": "", "scopeKind": ""}], "calls": ["app.add_middleware", "CORSMiddleware", "app.get"], "search-terms": ["FastAPI", "CORS", "health check", "main.py", "video_streaming_backend"], "state": 2, "file_id": 3, "knowledge_revision": 8, "git_revision": "90e71cf2b9e20b307697d33f8ac6a51ead697f36", "ctags": [{"_type": "tag", "name": "app", "path": "/home/kavia/workspace/code-generation/streamline-video-platform-307309-307318/video_streaming_backend/src/api/main.py", "pattern": "/^app = FastAPI()$/", "language": "Python", "kind": "variable"}, {"_type": "tag", "name": "health_check", "path": "/home/kavia/workspace/code-generation/streamline-video-platform-307309-307318/video_streaming_backend/src/api/main.py", "pattern": "/^def health_check():$/", "language": "Python", "kind": "function", "signature": "()"}], "hash": "58352bf5f133908bab16643199aa483d", "format-version": 4, "code-base-name": "video_streaming_backend", "filename": "video_streaming_backend/src/api/main.py", "fields": [{"name": "app = FastAPI()", "scope": "", "scopeKind": "", "description": "unavailable"}], "revision_history": [{"8": "90e71cf2b9e20b307697d33f8ac6a51ead697f36"}]}