{"is_source_file": true, "format": "Python", "description": "This script generates and saves the OpenAPI schema for the application by importing the app instance and calling its openapi method, then writes the output to a JSON file.", "external_files": ["src/api/main.py", "interfaces/openapi.json"], "external_methods": ["app.openapi()"], "published": [], "classes": [], "methods": [], "calls": ["app.openapi()", "os.makedirs()", "os.path.join()", "json.dump()"], "search-terms": ["generate_openapi", "openapi_schema", "app.openapi", "write openapi", "JSON dump"], "state": 2, "file_id": 2, "knowledge_revision": 9, "git_revision": "90e71cf2b9e20b307697d33f8ac6a51ead697f36", "ctags": [{"_type": "tag", "name": "openapi_schema", "path": "/home/kavia/workspace/code-generation/streamline-video-platform-307309-307318/video_streaming_backend/src/api/generate_openapi.py", "pattern": "/^openapi_schema = app.openapi()$/", "language": "Python", "kind": "variable"}, {"_type": "tag", "name": "output_dir", "path": "/home/kavia/workspace/code-generation/streamline-video-platform-307309-307318/video_streaming_backend/src/api/generate_openapi.py", "pattern": "/^output_dir = \"interfaces\"$/", "language": "Python", "kind": "variable"}, {"_type": "tag", "name": "output_path", "path": "/home/kavia/workspace/code-generation/streamline-video-platform-307309-307318/video_streaming_backend/src/api/generate_openapi.py", "pattern": "/^output_path = os.path.join(output_dir, \"openapi.json\")$/", "language": "Python", "kind": "variable"}], "hash": "61e3715e79bc397fab3e70f503a41417", "format-version": 4, "code-base-name": "video_streaming_backend", "filename": "video_streaming_backend/src/api/generate_openapi.py", "fields": [{"name": "openapi_schema = app.openapi()", "scope": "", "scopeKind": "", "description": "unavailable"}, {"name": "output_dir = \"interfaces\"", "scope": "", "scopeKind": "", "description": "unavailable"}, {"name": "output_path = os.path.join(output_dir, \"openapi.json\")", "scope": "", "scopeKind": "", "description": "unavailable"}], "revision_history": [{"9": "90e71cf2b9e20b307697d33f8ac6a51ead697f36"}]}